sz,times,dv
4,39.35,1.0663850000000001
8,33.309,0.5062967999999999
16,34.702,0.6593379999999999
32,36.873,0.6968996999999999
64,53.634,0.884961
